
{
    "id":6,
    "characters":[
        {
            "name": "姉さん",
            "juese": "主角",
            "cv": "狩野茉莉",
            "url": "/character/14656",
            "juese1.name": "姉さん",
            "infobox": "简体中文名: 姐姐|性别: 女",
            "jianjie": "",
            "picture": "http://lain.bgm.tv/pic/crt/l/9e/6e/14656_crt_4HhNJ.jpg"
        },
        {
            "name": "オカッパ",
            "juese": "主角",
            "cv": "内山夕実",
            "url": "/character/14657",
            "juese1.name": "オカッパ",
            "infobox": "简体中文名: 妹妹头|性别: 女",
            "jianjie": "",
            "picture": "http://lain.bgm.tv/pic/crt/l/85/7e/14657_crt_z23yY.jpg"
        },
        {
            "name": "マキマキ",
            "juese": "主角",
            "cv": "井上麻里奈",
            "url": "/character/14658",
            "juese1.name": "マキマキ",
            "infobox": "简体中文名: 卷卷|性别: 女",
            "jianjie": "",
            "picture": "http://lain.bgm.tv/pic/crt/l/76/00/14658_crt_Tu6GA.jpg"
        },
        {
            "name": "美しさの人",
            "juese": "配角",
            "cv": "斎藤千和",
            "url": "/character/14659",
            "juese1.name": "美しさの人",
            "infobox": "简体中文名: 美丽的人|别名: 石原さとみ|别名: いしはら さとみ|性别: 女|生日: 12月24日",
            "jianjie": "「美しさ」を極めた謎の女生徒。3年。12月24日生まれ。妹がいる。 肌や髪などのケアを極めて大事にし、模型部員達よりも自分の方が何倍も美しく可愛いと思っており、自分の基準で他人を美しくする。しかし、体型はぽっちゃり系で、髪をお団子にして肌はつるつるのおたふく顔で、お世辞にも美しいとは言えない。 そこら辺の男子生徒の挑発やからかい程度ではまったく動じず結構手強い。また、枯れた花に息を吹きかけ満開の状態に再生させるおかしな能力を持ち合わせている。 本名は単行本5巻で発覚する。以降、「石原」と呼ばれることも多い。",
            "picture": "http://lain.bgm.tv/pic/crt/l/25/4e/14659_crt_iDiQq.jpg"
        },
        {
            "name": "国木",
            "juese": "配角",
            "cv": "谷山紀章",
            "url": "/character/32205",
            "juese1.name": "国木",
            "infobox": "简体中文名: 国木|别名: くにき|性别: 男",
            "jianjie": "初登場：第1冊第5話 棒球社的隊長，帥哥，喜歡穿著女性內衣。 可能是同性戀者（來自第5話標題）或雙性戀者（來自第2冊第29話第6頁）。",
            "picture": "http://lain.bgm.tv/pic/crt/l/89/3b/32205_crt_qH3yp.jpg?r=1429889585"
        },
        {
            "name": "多田",
            "juese": "客串",
            "cv": "小池謙一",
            "url": "/character/32207",
            "juese1.name": "多田",
            "infobox": "简体中文名: 多田|别名: ただ|性别: 男",
            "jianjie": "初登場：第1冊第4話 喜歡過膝襪",
            "picture": "http://lain.bgm.tv/pic/crt/l/e1/45/32207_crt_mmUK3.jpg?r=1429889980"
        },
        {
            "name": "真田",
            "juese": "配角",
            "cv": "神原大地",
            "url": "/character/32208",
            "juese1.name": "真田",
            "infobox": "简体中文名: 真田|别名: さなだ|性别: 男",
            "jianjie": "初登場：第1冊第11話 與姊姊認識已久的男學生，是三年級知名的美男子。",
            "picture": "http://lain.bgm.tv/pic/crt/l/4f/34/32208_crt_06y4L.jpg?r=1429890195"
        },
        {
            "name": "水野先生",
            "juese": "配角",
            "cv": "倉田雅世",
            "url": "/character/32209",
            "juese1.name": "水野先生",
            "infobox": "简体中文名: 水野老师|别名: 保健医|别名: せな毛|性别: 女",
            "jianjie": "初登場：第3冊第47話 保健室校醫",
            "picture": "http://lain.bgm.tv/pic/crt/l/73/99/32209_crt_pvEP2.jpg?r=1429890485"
        },
        {
            "name": "ウノ",
            "juese": "配角",
            "cv": "井澤詩織",
            "url": "/character/32211",
            "juese1.name": "ウノ",
            "infobox": "简体中文名: 右乃|性别: 女",
            "jianjie": "初登場：第1冊第10話 高中一年級生，雙胞胎，比姊姊還要笨，常跟姊姊玩在一事，視姊姊為師傅般的存在。 過了第二性徵期，卻絲毫沒有發育的跡象。 由於兩人相貌完全相同，連父母親都會搞錯，辨認的方法為「站左邊的是右乃、站右邊的是左乃」。",
            "picture": "http://lain.bgm.tv/pic/crt/l/f0/49/32211_crt_l3YE8.jpg?r=1429890692"
        },
        {
            "name": "サノ",
            "juese": "配角",
            "cv": "摩天楼由香",
            "url": "/character/32212",
            "juese1.name": "サノ",
            "infobox": "简体中文名: 左乃|性别: 女",
            "jianjie": "初登場：第1冊第10話 高中一年級生，雙胞胎，比姊姊還要笨，常跟姊姊玩在一事，視姊姊為師傅般的存在。 過了第二性徵期，卻絲毫沒有發育的跡象。 由於兩人相貌完全相同，連父母親都會搞錯，辨認的方法為「站左邊的是右乃、站右邊的是左乃」。",
            "picture": "http://lain.bgm.tv/pic/crt/l/35/0f/32212_crt_444qh.jpg?r=1429890812"
        },
        {
            "name": "シンディ",
            "juese": "客串",
            "cv": "斎藤千和",
            "url": "/character/32213",
            "juese1.name": "シンディ",
            "infobox": "性别: 女",
            "jianjie": "初登場：第1冊第10話 只會說「年糕」（餅）二字的巨型女子。似乎和右乃、左乃有些交情?",
            "picture": "http://lain.bgm.tv/pic/crt/l/cf/03/32213_crt_vM42Q.jpg?r=1429890958"
        },
        {
            "name": "戦車兵",
            "juese": "客串",
            "cv": "辻親八",
            "url": "/character/32215",
            "juese1.name": "戦車兵",
            "infobox": "简体中文名: 战车兵|性别: 男",
            "jianjie": "初登場：第1冊第4話 住在卷卷頭上的戰車模型，留著一副小鬍子的軍裝大叔。 漫畫官網給的名字是「軍人」，而動畫版賦予「戰車兵」這個新的名字。",
            "picture": "http://lain.bgm.tv/pic/crt/l/d7/dd/32215_crt_BqTXk.jpg?r=1429891436"
        },
        {
            "name": "花ちゃん",
            "juese": "客串",
            "cv": "斎藤千和",
            "url": "/character/32218",
            "juese1.name": "花ちゃん",
            "infobox": "",
            "jianjie": "初登場：第3冊第59話 動物園裡的母猩猩",
            "picture": "http://lain.bgm.tv/pic/crt/l/cb/cf/32218_crt_HEE91.jpg?r=1429892373"
        }
    ]
}
