{
    "1933":"日本动画之父政冈宪三制作的日本最早的有声动画片《力与世间女子》（「力と女の世の中」）上映并大受欢迎。",
    "1943":"日本第一部全部使用赛璐珞制作的动画片《蜘蛛与郁金香》（「くもとちゅうりっぷ」）由政冈宪三制作完成。",
    "1953":"日本电视股份有限公司（日本テレビジョン株式会社，后改名TCJ）制作的精工舍报时广告是日本最早的电视动画。",
    "1958":"日本第一部彩色长篇动画电影《白蛇传》揭开了日本国产彩色动画片时代的序幕，影响无数人（如宫崎骏）踏入动画界。",
    "1959":"《少年猿飞佐助》是日本第一部宽屏幕动画电影，同时也是日本第一部全部预先录音，之后配画口型的动画电影。",
    "1962":"手冢治虫的虫制作公司（虫プロダクション）成立。日后对日本动画业界有着深刻影响的动画公司就此起航。",
    "1963":"手冢治虫导演的《铁臂阿童木》是真正意义上电视动画的开端，也成为日本电视动画历史上不可逾越的高峰。",
    "1974":"由日本著名漫画家松本零士执导、日本电视动画的始祖级作品《宇宙战舰大和号》播出，促进了电视动画的成熟化。",
    "1979":"富野由悠季执导、SUNRISE制作的动画《机动战士高达0079》播出，开创了经久不衰的动画系列——高达系列。",
    "1981":"京都动画（京都アニメーション）成立。该公司以其对制作时程与品质的高要求而闻名，获得许多观众的高度评价。",
    "1984":"宅社”GAINAX成立。GAINAX以颠覆传统的动画类型和实验动画而闻名，代表作品是1995年播出的《新世纪福音战士》。",
    "1995":"庵野秀《新世纪福音战士》播出。该作是迄今日本动画BD/DVD销量榜首，对之后的动画作品产生了深远的影响。",
    "2001":"宫崎骏《千与千寻》上映，刷新了日本电影界的票房收入记录并于次年获得了柏林国际电影节 “金熊奖”，创造了历史。",
    "2006":"石原立也执导、京都动画制作的《凉宫春日的忧郁》播出，反响热烈，引领了轻小说改编动画（轻改）的潮流。",
    "2010":"日本著名动画导演、编剧今敏去世。他执导的动画作品在国际间获奖无数，影响深远。代表作有《千年女优》等。",
    "2011":"新房昭之执导、SHAFT制作的《魔法少女小圆》播出。该作是电视动画史上获奖最多，最卖座且最重要的作品之一。",
    "2016":"新海诚执导的《你的名字。》上映。该作在日本是第一部非宫崎骏、票房突破100亿日元的动画电影作品。",
    "2018":"日本著名动画导演高畑勋去世。他是宫崎骏得力的合作伙伴，执导了包括《萤火虫之墓》在内的一系列优秀作品。",
    "2019":"京都动画第一工作室纵火案发生。超过三十位来自各年龄层的制作人员不幸遇难。是日本动画历史上最黑暗的一天。"

}